ANYO_ACADEMICO_INICIAL;ANYO_ACADEMICO_FINAL;COD_PROV;NOM_PROV;COD_MUN;NOM_MUN_VAL;NOM_MUN_CAS;COD_CONSER;NOM_CONSER;COD_GRADO;DESC_GRADO;CURSO;ESPECIALIDAD;MATRICULADOS
2022;2023;3;ALICANTE/ALACANT;3009;ALCOI;ALCOY;3013042;CENTRE ELEMENTAL DE DANSA INMA CORTÉS;E;ENSEÑANZA ELEMENTAL DANZA;1º ENSEÑANZA ELEMENTAL DANZA;ENSEÑANZA ELEMENTAL DANZA;7
2022;2023;3;ALICANTE/ALACANT;3014;ALACANT;ALICANTE;3012153;CONSERVATORI PROFESSIONAL DE DANSA JOSÉ ESPADERO;E;ENSEÑANZA ELEMENTAL DANZA;1º ENSEÑANZA ELEMENTAL DANZA;ENSEÑANZA ELEMENTAL DANZA;25
2022;2023;3;ALICANTE/ALACANT;3122;SANT VICENT DEL RASPEIG;SAN VICENTE DEL RASPEIG;3011495;CONSERV. PROF. DE MÚSICA I ELEM. DE DANSA V. LILLO CÁNOVAS;E;ENSEÑANZA ELEMENTAL DANZA;1º ENSEÑANZA ELEMENTAL DANZA;ENSEÑANZA ELEMENTAL DANZA;10
2022;2023;12;CASTELLÓN/CASTELLÓ;12040;CASTELLÓ DE LA PLANA;;12007905;CENTRE ENS. PROFESSIONALS DE DANSA BETANIA;E;ENSEÑANZA ELEMENTAL DANZA;1º ENSEÑANZA ELEMENTAL DANZA;ENSEÑANZA ELEMENTAL DANZA;2
2022;2023;12;CASTELLÓN/CASTELLÓ;12040;CASTELLÓ DE LA PLANA;;12008338;CONSERVATORI PROFESSIONAL DE DANSA;P;ENSEÑANZA PROFESIONAL DANZA;3º ENSEÑANZA PROFESIONAL DANZA;DANZA CLÁSICA;7
2022;2023;12;CASTELLÓN/CASTELLÓ;12040;CASTELLÓ DE LA PLANA;;12008338;CONSERVATORI PROFESSIONAL DE DANSA;P;ENSEÑANZA PROFESIONAL DANZA;6º ENSEÑANZA PROFESIONAL DANZA;DANZA CONTEMPORÁNEA;2
2022;2023;46;VALENCIA/VALÈNCIA;46029;ALGEMESÍ;;46020467;CENTRE ENS. PROFESSIONALS DE DANSA JUAN BAUTISTA CABANILLES;P;ENSEÑANZA PROFESIONAL DANZA;2º ENSEÑANZA PROFESIONAL DANZA;DANZA CLÁSICA;8
2022;2023;46;VALENCIA/VALÈNCIA;46131;GANDIA;;46024539;CENTRE ELEMENTAL DE DANSA ESCUELA TALLER DE DANZA;E;ENSEÑANZA ELEMENTAL DANZA;1º ENSEÑANZA ELEMENTAL DANZA;ENSEÑANZA ELEMENTAL DANZA;7
2022;2023;46;VALENCIA/VALÈNCIA;46250;VALÈNCIA;;46016971;CENTRE ENS. PROFESSIONALS DE DANSA MARI CRUZ ALCALÁ;P;ENSEÑANZA PROFESIONAL DANZA;6º ENSEÑANZA PROFESIONAL DANZA;DANZA CLÁSICA;8
2022;2023;46;VALENCIA/VALÈNCIA;46250;VALÈNCIA;;46017316;CENTRE ENS. PROFESSIONALS DE DANSA VALENCIÀ;E;ENSEÑANZA ELEMENTAL DANZA;1º ENSEÑANZA ELEMENTAL DANZA;ENSEÑANZA ELEMENTAL DANZA;10
